Name,LastWriteTime,Editor - format,Phone,Functionality,Notes
switchtovr.unity,24/07/2025 14:31,Good,,,
switchto360.unity,24/07/2025 14:30,Good,,,
FirstVisit.unity,24/07/2025 14:26,Text blurred?,,,
PlayerSettings.unity,24/07/2025 14:24,Toggle login and out,,,
dashboard.unity,24/07/2025 13:13,Good,,,
about.unity,30/04/2025 11:23,nothing there,,,
behaviours.unity,30/04/2025 11:23,,,,
Bio.unity,30/04/2025 11:23,,,,
earn riros.unity,30/04/2025 11:23,Good,,,
factors.unity,30/04/2025 11:23,,,,
feedbackconfirm.unity,30/04/2025 11:23,,,,
FirstVisit2d.unity,30/04/2025 11:23,,,,
food.unity,30/04/2025 11:23,,,Rebuild,
habits results.unity,30/04/2025 11:23,,,,
habits1db.unity,30/04/2025 11:23,,,,
help.unity,30/04/2025 11:23,,,,
logon.unity,30/04/2025 11:23,,,,
passwordreminder.unity,30/04/2025 11:23,,,,
passwordreset.unity,30/04/2025 11:23,,,,
passwordresetcomplete.unity,30/04/2025 11:23,,,,
pickformat.unity,30/04/2025 11:23,,,,
preregister.unity,30/04/2025 11:23,,,,
Privacy.unity,30/04/2025 11:23,,,,
privacy2.unity,30/04/2025 11:23,,,,
reasons2.unity,30/04/2025 11:23,,,,
reasonsforquitting.unity,30/04/2025 11:23,,,,
register.unity,30/04/2025 11:23,,,,
settings.unity,30/04/2025 11:23,,,,
smokinghome.unity,30/04/2025 11:23,,,,
testpanel.unity,30/04/2025 11:23,,,,
triggers.unity,30/04/2025 11:23,,,,
tutorial.unity,30/04/2025 11:23,,,,
WelcomeToMC.unity,30/04/2025 11:23,,,,
health.unity,11/02/2025 14:17,,,,
habitsdb.unity,11/02/2025 12:30,,,,
Feedback.unity,10/02/2025 13:32,,,,
everything.unity,10/02/2025 13:12,,,,
Environment.unity,10/02/2025 13:07,,,,
Template.unity,13/11/2024 11:49,,,,
videoplayerv3.unity,31/07/2024 09:55,,,,
Voting.unity,23/07/2024 11:05,,,,
credits.unity,23/07/2024 10:45,,,,
vote confirmation.unity,12/04/2023 10:31,,,,
Buy.unity,11/04/2023 14:36,,,,
